Filename,NumberOfPoten,DegPercent,Value1,Value2,Value3
poten1 0deg,1,0,0,0,0
poten1 100deg,1,100,3.29240272778427,3.29283774761282,3.29290353764862
poten1 10deg,1,10,0,0,0
poten1 20deg,1,20,0.0328104307111305,0.0453602157034346,0.0412707607842563
poten1 30deg,1,30,0.107779116362922,0.111709332542388,0.112338500109243
poten1 40deg,1,40,0.183173154735967,0.163621967280748,0.166175157731306
poten1 50deg,1,50,0.263255740150109,0.2530260609101,0.253385086534037
poten1 60deg,1,60,1.00041993328231,0.87828274580024,0.912163271583465
poten1 70deg,1,70,1.61099631014326,1.55540131311541,1.59473059651667
poten1 80deg,1,80,2.31459147317195,2.21221170476752,2.20929009011648
poten1 90deg,1,90,2.95098896216524,2.95747935059498,3.0655519710768
